DhtNode.PingHandler, 1399865916, 15, 7
DhtNode.PingHandler, 1399865916, 15, 7
DhtNode.FindNodeHandler, 1399865916, 15, 7
DhtNode.FindNodeHandler, 1399865916, 15, 7
DhtNode.StoreUserHandler, 1399865916, 15, 7
DhtNode.StoreUserHandler, 1399865916, 15, 7
DhtNode.PingHandler, 1399865916, 15, 7
DhtNode.FindNodeHandler, 1399865916, 15, 7
DhtNode.FindNodeHandler, 1399865916, 15, 7
DhtNode.FindNodeHandler, 1399865916, 15, 7
DhtNode.FindNodeHandler, 1399865916, 15, 7
DhtNode.StoreUserHandler, 1399865916, 15, 7
DhtNode.StoreUserHandler, 1399865916, 15, 7
DhtNode.StoreUserHandler, 1399865916, 15, 7
DhtNode.PingHandler, 1399865916, 15, 7
DhtNode.FindNodeHandler, 1399865916, 15, 7
DhtNode.FindNodeHandler, 1399865916, 15, 7
DhtNode.FindNodeHandler, 1399865916, 15, 7
DhtNode.FindNodeHandler, 1399865916, 15, 7
DhtNode.FindNodeHandler, 1399865916, 15, 7
DhtNode.FindNodeHandler, 1399865916, 15, 7
DhtNode.StoreUserHandler, 1399865916, 15, 7
DhtNode.StoreUserHandler, 1399865916, 15, 7
DhtNode.StoreUserHandler, 1399865916, 15, 7
DhtNode.StoreUserHandler, 1399865916, 15, 7
DhtNode.PingHandler, 1399865916, 15, 7
DhtNode.FindNodeHandler, 1399865916, 15, 7
DhtNode.FindNodeHandler, 1399865916, 15, 7
DhtNode.FindNodeHandler, 1399865916, 15, 7
DhtNode.FindNodeHandler, 1399865916, 15, 7
DhtNode.FindNodeHandler, 1399865916, 15, 7
DhtNode.FindNodeHandler, 1399865916, 15, 7
DhtNode.FindNodeHandler, 1399865916, 15, 7
DhtNode.FindNodeHandler, 1399865916, 15, 7
DhtNode.StoreUserHandler, 1399865916, 15, 7
DhtNode.StoreUserHandler, 1399865916, 15, 7
DhtNode.StoreUserHandler, 1399865916, 15, 7
DhtNode.StoreUserHandler, 1399865916, 15, 7
DhtNode.StoreUserHandler, 1399865916, 15, 7
DhtNode.PingHandler, 1399865916, 15, 7
DhtNode.FindNodeHandler, 1399865916, 15, 7
DhtNode.FindNodeHandler, 1399865916, 15, 7
DhtNode.FindNodeHandler, 1399865916, 15, 7
DhtNode.FindNodeHandler, 1399865916, 15, 7
DhtNode.FindNodeHandler, 1399865916, 15, 7
DhtNode.FindNodeHandler, 1399865916, 15, 7
DhtNode.StoreUserHandler, 1399865916, 15, 7
DhtNode.FindNodeHandler, 1399865916, 15, 7
DhtNode.FindNodeHandler, 1399865916, 15, 7
DhtNode.StoreUserHandler, 1399865916, 15, 7
DhtNode.StoreUserHandler, 1399865916, 15, 7
DhtNode.StoreUserHandler, 1399865916, 15, 7
DhtNode.StoreUserHandler, 1399865916, 15, 7
DhtNode.PingHandler, 1399865916, 15, 7
DhtNode.FindNodeHandler, 1399865916, 15, 7
DhtNode.FindNodeHandler, 1399865916, 15, 7
DhtNode.FindNodeHandler, 1399865916, 15, 7
DhtNode.FindNodeHandler, 1399865916, 15, 7
DhtNode.FindNodeHandler, 1399865916, 15, 7
DhtNode.FindNodeHandler, 1399865916, 15, 7
DhtNode.FindNodeHandler, 1399865916, 15, 7
DhtNode.FindNodeHandler, 1399865916, 15, 7
DhtNode.FindNodeHandler, 1399865916, 15, 7
DhtNode.FindNodeHandler, 1399865916, 15, 7
DhtNode.StoreUserHandler, 1399865916, 15, 7
DhtNode.StoreUserHandler, 1399865916, 15, 7
DhtNode.StoreUserHandler, 1399865916, 15, 7
DhtNode.StoreUserHandler, 1399865916, 15, 7
DhtNode.StoreUserHandler, 1399865916, 15, 7
DhtNode.StoreUserHandler, 1399865916, 15, 7
DhtNode.PingHandler, 1399865916, 15, 7
DhtNode.FindNodeHandler, 1399865916, 15, 7
DhtNode.FindNodeHandler, 1399865916, 15, 7
DhtNode.FindNodeHandler, 1399865916, 15, 7
DhtNode.FindNodeHandler, 1399865916, 15, 7
DhtNode.FindNodeHandler, 1399865916, 15, 7
DhtNode.FindNodeHandler, 1399865916, 15, 7
DhtNode.FindNodeHandler, 1399865916, 15, 7
DhtNode.FindNodeHandler, 1399865916, 15, 7
DhtNode.StoreUserHandler, 1399865916, 15, 7
DhtNode.StoreUserHandler, 1399865916, 15, 7
DhtNode.StoreUserHandler, 1399865916, 15, 7
DhtNode.StoreUserHandler, 1399865916, 15, 7
DhtNode.StoreUserHandler, 1399865916, 15, 7
DhtNode.PingHandler, 1399865916, 15, 7
DhtNode.FindNodeHandler, 1399865916, 15, 7
DhtNode.FindNodeHandler, 1399865916, 15, 7
DhtNode.FindNodeHandler, 1399865916, 15, 7
DhtNode.FindNodeHandler, 1399865916, 15, 7
DhtNode.FindNodeHandler, 1399865916, 15, 7
DhtNode.FindNodeHandler, 1399865916, 15, 7
DhtNode.FindNodeHandler, 1399865916, 15, 7
DhtNode.FindNodeHandler, 1399865916, 15, 7
DhtNode.FindNodeHandler, 1399865916, 15, 7
DhtNode.FindNodeHandler, 1399865916, 15, 7
DhtNode.StoreUserHandler, 1399865916, 15, 7
DhtNode.StoreUserHandler, 1399865916, 15, 7
DhtNode.StoreUserHandler, 1399865916, 15, 7
DhtNode.StoreUserHandler, 1399865916, 15, 7
DhtNode.StoreUserHandler, 1399865916, 15, 7
DhtNode.StoreUserHandler, 1399865916, 15, 7
DhtNode.PingHandler, 1399865916, 15, 7
DhtNode.FindNodeHandler, 1399865916, 15, 7
DhtNode.FindNodeHandler, 1399865916, 15, 7
DhtNode.FindNodeHandler, 1399865916, 15, 7
DhtNode.FindNodeHandler, 1399865916, 15, 7
DhtNode.FindNodeHandler, 1399865916, 15, 7
DhtNode.FindNodeHandler, 1399865916, 15, 7
DhtNode.FindNodeHandler, 1399865916, 15, 7
DhtNode.FindNodeHandler, 1399865916, 15, 7
DhtNode.FindNodeHandler, 1399865916, 15, 7
DhtNode.FindNodeHandler, 1399865916, 15, 7
DhtNode.FindNodeHandler, 1399865916, 15, 7
DhtNode.FindNodeHandler, 1399865916, 15, 7
DhtNode.StoreUserHandler, 1399865916, 15, 7
DhtNode.StoreUserHandler, 1399865916, 15, 7
DhtNode.StoreUserHandler, 1399865916, 15, 7
DhtNode.StoreUserHandler, 1399865916, 15, 7
DhtNode.StoreUserHandler, 1399865916, 15, 7
DhtNode.StoreUserHandler, 1399865916, 15, 7
DhtNode.StoreUserHandler, 1399865916, 15, 7
DhtNode.PingHandler, 1399865917, 15, 7
DhtNode.FindNodeHandler, 1399865917, 15, 7
DhtNode.FindNodeHandler, 1399865917, 15, 7
DhtNode.FindNodeHandler, 1399865917, 15, 7
DhtNode.FindNodeHandler, 1399865917, 15, 7
DhtNode.FindNodeHandler, 1399865917, 15, 7
DhtNode.FindNodeHandler, 1399865917, 15, 7
DhtNode.FindNodeHandler, 1399865917, 15, 7
DhtNode.FindNodeHandler, 1399865917, 15, 7
DhtNode.FindNodeHandler, 1399865917, 15, 7
DhtNode.FindNodeHandler, 1399865917, 15, 7
DhtNode.FindNodeHandler, 1399865917, 15, 7
DhtNode.StoreUserHandler, 1399865917, 15, 7
DhtNode.FindNodeHandler, 1399865917, 15, 7
DhtNode.FindNodeHandler, 1399865917, 15, 7
DhtNode.FindNodeHandler, 1399865917, 15, 7
DhtNode.StoreUserHandler, 1399865917, 15, 7
DhtNode.StoreUserHandler, 1399865917, 15, 7
DhtNode.StoreUserHandler, 1399865917, 15, 7
DhtNode.StoreUserHandler, 1399865917, 15, 7
DhtNode.StoreUserHandler, 1399865917, 15, 7
DhtNode.StoreUserHandler, 1399865917, 15, 7
DhtNode.StoreUserHandler, 1399865917, 15, 7
DhtNode.PingHandler, 1399865917, 15, 7
DhtNode.FindNodeHandler, 1399865917, 15, 7
DhtNode.FindNodeHandler, 1399865917, 15, 7
DhtNode.FindNodeHandler, 1399865917, 15, 7
DhtNode.FindNodeHandler, 1399865917, 15, 7
DhtNode.FindNodeHandler, 1399865917, 15, 7
DhtNode.FindNodeHandler, 1399865917, 15, 7
DhtNode.FindNodeHandler, 1399865917, 15, 7
DhtNode.FindNodeHandler, 1399865917, 15, 7
DhtNode.FindNodeHandler, 1399865917, 15, 7
DhtNode.FindNodeHandler, 1399865917, 15, 7
DhtNode.FindNodeHandler, 1399865917, 15, 7
DhtNode.FindNodeHandler, 1399865917, 15, 7
DhtNode.StoreUserHandler, 1399865917, 15, 7
DhtNode.FindNodeHandler, 1399865917, 15, 7
DhtNode.FindNodeHandler, 1399865917, 15, 7
DhtNode.FindNodeHandler, 1399865917, 15, 7
DhtNode.FindNodeHandler, 1399865917, 15, 7
DhtNode.StoreUserHandler, 1399865917, 15, 7
DhtNode.StoreUserHandler, 1399865917, 15, 7
DhtNode.StoreUserHandler, 1399865917, 15, 7
DhtNode.StoreUserHandler, 1399865917, 15, 7
DhtNode.StoreUserHandler, 1399865917, 15, 7
DhtNode.StoreUserHandler, 1399865917, 15, 7
DhtNode.StoreUserHandler, 1399865917, 15, 7
DhtNode.StoreUserHandler, 1399865917, 15, 7
DhtNode.PingHandler, 1399865917, 15, 7
DhtNode.FindNodeHandler, 1399865917, 15, 7
DhtNode.FindNodeHandler, 1399865917, 15, 7
DhtNode.FindNodeHandler, 1399865917, 15, 7
DhtNode.FindNodeHandler, 1399865917, 15, 7
DhtNode.FindNodeHandler, 1399865917, 15, 7
DhtNode.FindNodeHandler, 1399865917, 15, 7
DhtNode.FindNodeHandler, 1399865917, 15, 7
DhtNode.FindNodeHandler, 1399865917, 15, 7
DhtNode.FindNodeHandler, 1399865917, 15, 7
DhtNode.FindNodeHandler, 1399865917, 15, 7
DhtNode.FindNodeHandler, 1399865917, 15, 7
DhtNode.FindNodeHandler, 1399865917, 15, 7
DhtNode.FindNodeHandler, 1399865917, 15, 7
DhtNode.FindNodeHandler, 1399865917, 15, 7
DhtNode.FindNodeHandler, 1399865917, 15, 7
DhtNode.FindNodeHandler, 1399865917, 15, 7
DhtNode.FindNodeHandler, 1399865917, 15, 7
DhtNode.FindNodeHandler, 1399865917, 15, 7
DhtNode.StoreUserHandler, 1399865917, 15, 7
DhtNode.StoreUserHandler, 1399865917, 15, 7
DhtNode.StoreUserHandler, 1399865917, 15, 7
DhtNode.StoreUserHandler, 1399865917, 15, 7
DhtNode.StoreUserHandler, 1399865917, 15, 7
DhtNode.StoreUserHandler, 1399865917, 15, 7
DhtNode.StoreUserHandler, 1399865917, 15, 7
DhtNode.StoreUserHandler, 1399865917, 15, 7
DhtNode.StoreUserHandler, 1399865917, 15, 7
DhtNode.StoreUserHandler, 1399865917, 15, 7
DhtNode.PingHandler, 1399865917, 15, 7
DhtNode.FindNodeHandler, 1399865917, 15, 7
DhtNode.FindNodeHandler, 1399865917, 15, 7
DhtNode.FindNodeHandler, 1399865917, 15, 7
DhtNode.FindNodeHandler, 1399865917, 15, 7
DhtNode.FindNodeHandler, 1399865917, 15, 7
DhtNode.FindNodeHandler, 1399865917, 15, 7
DhtNode.FindNodeHandler, 1399865917, 15, 7
DhtNode.FindNodeHandler, 1399865917, 15, 7
DhtNode.FindNodeHandler, 1399865917, 15, 7
DhtNode.FindNodeHandler, 1399865917, 15, 7
DhtNode.FindNodeHandler, 1399865917, 15, 7
DhtNode.FindNodeHandler, 1399865917, 15, 7
DhtNode.FindNodeHandler, 1399865917, 15, 7
DhtNode.FindNodeHandler, 1399865917, 15, 7
DhtNode.StoreUserHandler, 1399865917, 15, 7
DhtNode.StoreUserHandler, 1399865917, 15, 7
DhtNode.StoreUserHandler, 1399865917, 15, 7
DhtNode.StoreUserHandler, 1399865917, 15, 7
DhtNode.StoreUserHandler, 1399865917, 15, 7
DhtNode.PingHandler, 1399865917, 15, 7
DhtNode.FindNodeHandler, 1399865917, 15, 7
DhtNode.FindNodeHandler, 1399865917, 15, 7
DhtNode.FindNodeHandler, 1399865917, 15, 7
DhtNode.FindNodeHandler, 1399865917, 15, 7
DhtNode.FindNodeHandler, 1399865917, 15, 7
DhtNode.FindNodeHandler, 1399865917, 15, 7
DhtNode.FindNodeHandler, 1399865917, 15, 7
DhtNode.FindNodeHandler, 1399865917, 15, 7
DhtNode.FindNodeHandler, 1399865917, 15, 7
DhtNode.FindNodeHandler, 1399865917, 15, 7
DhtNode.StoreUserHandler, 1399865917, 15, 7
DhtNode.StoreUserHandler, 1399865917, 15, 7
DhtNode.StoreUserHandler, 1399865917, 15, 7
DhtNode.StoreUserHandler, 1399865917, 15, 7
DhtNode.StoreUserHandler, 1399865917, 15, 7
DhtNode.StoreUserHandler, 1399865917, 15, 7
DhtNode.PingHandler, 1399865917, 15, 7
DhtNode.FindNodeHandler, 1399865917, 15, 7
DhtNode.FindNodeHandler, 1399865917, 15, 7
DhtNode.FindNodeHandler, 1399865917, 15, 7
DhtNode.FindNodeHandler, 1399865917, 15, 7
DhtNode.FindNodeHandler, 1399865917, 15, 7
DhtNode.FindNodeHandler, 1399865917, 15, 7
DhtNode.FindNodeHandler, 1399865917, 15, 7
DhtNode.FindNodeHandler, 1399865917, 15, 7
DhtNode.FindNodeHandler, 1399865917, 15, 7
DhtNode.StoreUserHandler, 1399865917, 15, 7
DhtNode.StoreUserHandler, 1399865917, 15, 7
DhtNode.StoreUserHandler, 1399865917, 15, 7
DhtNode.StoreUserHandler, 1399865917, 15, 7
DhtNode.PingHandler, 1399865917, 15, 7
DhtNode.FindNodeHandler, 1399865917, 15, 7
DhtNode.FindNodeHandler, 1399865917, 15, 7
DhtNode.FindNodeHandler, 1399865917, 15, 7
DhtNode.FindNodeHandler, 1399865917, 15, 7
DhtNode.FindNodeHandler, 1399865917, 15, 7
DhtNode.FindNodeHandler, 1399865917, 15, 7
DhtNode.StoreUserHandler, 1399865917, 15, 7
DhtNode.FindNodeHandler, 1399865917, 15, 7
DhtNode.FindNodeHandler, 1399865917, 15, 7
DhtNode.StoreUserHandler, 1399865917, 15, 7
DhtNode.StoreUserHandler, 1399865917, 15, 7
DhtNode.StoreUserHandler, 1399865917, 15, 7
DhtNode.StoreUserHandler, 1399865917, 15, 7
DhtNode.PingHandler, 1399865917, 15, 7
DhtNode.FindNodeHandler, 1399865917, 15, 7
DhtNode.FindNodeHandler, 1399865917, 15, 7
DhtNode.FindNodeHandler, 1399865917, 15, 7
DhtNode.FindNodeHandler, 1399865917, 15, 7
DhtNode.FindNodeHandler, 1399865917, 15, 7
DhtNode.FindNodeHandler, 1399865917, 15, 7
DhtNode.FindNodeHandler, 1399865917, 15, 7
DhtNode.FindNodeHandler, 1399865917, 15, 7
DhtNode.FindNodeHandler, 1399865917, 15, 7
DhtNode.FindNodeHandler, 1399865917, 15, 7
DhtNode.StoreUserHandler, 1399865917, 15, 7
DhtNode.StoreUserHandler, 1399865917, 15, 7
DhtNode.StoreUserHandler, 1399865917, 15, 7
DhtNode.StoreUserHandler, 1399865917, 15, 7
DhtNode.StoreUserHandler, 1399865917, 15, 7
DhtNode.StoreUserHandler, 1399865917, 15, 7
DhtNode.PingHandler, 1399865917, 15, 7
DhtNode.FindNodeHandler, 1399865917, 15, 7
DhtNode.FindNodeHandler, 1399865917, 15, 7
DhtNode.FindNodeHandler, 1399865917, 15, 7
DhtNode.FindNodeHandler, 1399865917, 15, 7
DhtNode.FindNodeHandler, 1399865917, 15, 7
DhtNode.FindNodeHandler, 1399865917, 15, 7
DhtNode.FindNodeHandler, 1399865917, 15, 7
DhtNode.FindNodeHandler, 1399865917, 15, 7
DhtNode.FindNodeHandler, 1399865917, 15, 7
DhtNode.FindNodeHandler, 1399865917, 15, 7
DhtNode.FindNodeHandler, 1399865917, 15, 7
DhtNode.FindNodeHandler, 1399865917, 15, 7
DhtNode.StoreUserHandler, 1399865917, 15, 7
DhtNode.StoreUserHandler, 1399865917, 15, 7
DhtNode.StoreUserHandler, 1399865917, 15, 7
DhtNode.StoreUserHandler, 1399865917, 15, 7
DhtNode.StoreUserHandler, 1399865917, 15, 7
DhtNode.StoreUserHandler, 1399865917, 15, 7
DhtNode.StoreUserHandler, 1399865917, 15, 7
DhtNode.PingHandler, 1399865917, 15, 7
DhtNode.FindNodeHandler, 1399865917, 15, 7
DhtNode.FindNodeHandler, 1399865917, 15, 7
DhtNode.FindNodeHandler, 1399865917, 15, 7
DhtNode.FindNodeHandler, 1399865917, 15, 7
DhtNode.FindNodeHandler, 1399865917, 15, 7
DhtNode.FindNodeHandler, 1399865917, 15, 7
DhtNode.FindNodeHandler, 1399865917, 15, 7
DhtNode.FindNodeHandler, 1399865917, 15, 7
DhtNode.FindNodeHandler, 1399865917, 15, 7
DhtNode.FindNodeHandler, 1399865917, 15, 7
DhtNode.FindNodeHandler, 1399865917, 15, 7
DhtNode.StoreUserHandler, 1399865917, 15, 7
DhtNode.FindNodeHandler, 1399865917, 15, 7
DhtNode.FindNodeHandler, 1399865917, 15, 7
DhtNode.FindNodeHandler, 1399865917, 15, 7
DhtNode.StoreUserHandler, 1399865917, 15, 7
DhtNode.StoreUserHandler, 1399865917, 15, 7
DhtNode.StoreUserHandler, 1399865917, 15, 7
DhtNode.StoreUserHandler, 1399865917, 15, 7
DhtNode.StoreUserHandler, 1399865917, 15, 7
DhtNode.StoreUserHandler, 1399865917, 15, 7
DhtNode.StoreUserHandler, 1399865917, 15, 7
DhtNode.FindNodeHandler, 1399865918, 15, 7
DhtNode.FindNodeHandler, 1399865918, 15, 7
DhtNode.FindNodeHandler, 1399865918, 15, 7
DhtNode.FindNodeHandler, 1399865918, 15, 7
DhtNode.FindNodeHandler, 1399865918, 15, 7
DhtNode.FindNodeHandler, 1399865918, 15, 7
DhtNode.FindNodeHandler, 1399865918, 15, 7
DhtNode.FindNodeHandler, 1399865918, 15, 7
DhtNode.FindNodeHandler, 1399865918, 15, 7
DhtNode.FindNodeHandler, 1399865918, 15, 7
DhtNode.FindNodeHandler, 1399865918, 15, 7
DhtNode.FindNodeHandler, 1399865918, 15, 7
DhtNode.FindNodeHandler, 1399865918, 15, 7
DhtNode.FindNodeHandler, 1399865918, 15, 7
DhtNode.FindNodeHandler, 1399865918, 15, 7
DhtNode.FindNodeHandler, 1399865918, 15, 7
DhtNode.FindNodeHandler, 1399865918, 15, 7
DhtNode.FindNodeHandler, 1399865918, 15, 7
DhtNode.FindNodeHandler, 1399865918, 15, 7
DhtNode.FindNodeHandler, 1399865918, 15, 7
DhtNode.FindNodeHandler, 1399865918, 15, 7
DhtNode.FindNodeHandler, 1399865918, 15, 7
DhtNode.StoreUserHandler, 1399865918, 15, 7
DhtNode.StoreUserHandler, 1399865918, 15, 7
DhtNode.StoreUserHandler, 1399865918, 15, 7
DhtNode.StoreUserHandler, 1399865918, 15, 7
DhtNode.StoreUserHandler, 1399865918, 15, 7
DhtNode.StoreUserHandler, 1399865918, 15, 7
DhtNode.StoreUserHandler, 1399865918, 15, 7
DhtNode.StoreUserHandler, 1399865918, 15, 7
DhtNode.FindNodeHandler, 1399865918, 15, 7
DhtNode.FindNodeHandler, 1399865918, 15, 7
DhtNode.FindNodeHandler, 1399865918, 15, 7
DhtNode.FindNodeHandler, 1399865918, 15, 7
DhtNode.FindNodeHandler, 1399865918, 15, 7
DhtNode.FindNodeHandler, 1399865918, 15, 7
DhtNode.FindNodeHandler, 1399865918, 15, 7
DhtNode.FindNodeHandler, 1399865918, 15, 7
DhtNode.FindNodeHandler, 1399865918, 15, 7
DhtNode.FindNodeHandler, 1399865918, 15, 7
DhtNode.FindNodeHandler, 1399865918, 15, 7
DhtNode.FindNodeHandler, 1399865918, 15, 7
DhtNode.FindNodeHandler, 1399865918, 15, 7
DhtNode.FindNodeHandler, 1399865918, 15, 7
DhtNode.FindNodeHandler, 1399865918, 15, 7
DhtNode.FindNodeHandler, 1399865918, 15, 7
DhtNode.FindNodeHandler, 1399865918, 15, 7
DhtNode.FindNodeHandler, 1399865918, 15, 7
DhtNode.FindNodeHandler, 1399865918, 15, 7
DhtNode.FindNodeHandler, 1399865918, 15, 7
DhtNode.FindNodeHandler, 1399865918, 15, 7
DhtNode.FindNodeHandler, 1399865918, 15, 7
DhtNode.FindNodeHandler, 1399865918, 15, 7
DhtNode.FindNodeHandler, 1399865918, 15, 7
DhtNode.FindNodeHandler, 1399865918, 15, 7
DhtNode.FindNodeHandler, 1399865918, 15, 7
DhtNode.FindNodeHandler, 1399865918, 15, 7
DhtNode.StoreUserHandler, 1399865918, 15, 7
DhtNode.FindNodeHandler, 1399865918, 15, 7
DhtNode.StoreUserHandler, 1399865918, 15, 7
DhtNode.StoreUserHandler, 1399865918, 15, 7
DhtNode.StoreUserHandler, 1399865918, 15, 7
DhtNode.StoreUserHandler, 1399865918, 15, 7
DhtNode.StoreUserHandler, 1399865918, 15, 7
DhtNode.StoreUserHandler, 1399865918, 15, 7
DhtNode.StoreUserHandler, 1399865918, 15, 7
DhtNode.StoreUserHandler, 1399865918, 15, 7
DhtNode.StoreUserHandler, 1399865918, 15, 7
DhtNode.StoreUserHandler, 1399865918, 15, 7
DhtNode.StoreUserHandler, 1399865918, 15, 7
DhtNode.StoreUserHandler, 1399865918, 15, 7
DhtNode.StoreUserHandler, 1399865918, 15, 7
DhtNode.StoreUserHandler, 1399865918, 15, 7
DhtNode.FindNodeHandler, 1399865918, 15, 7
DhtNode.FindNodeHandler, 1399865918, 15, 7
DhtNode.FindNodeHandler, 1399865918, 15, 7
DhtNode.FindNodeHandler, 1399865918, 15, 7
DhtNode.FindNodeHandler, 1399865918, 15, 7
DhtNode.FindNodeHandler, 1399865918, 15, 7
DhtNode.FindNodeHandler, 1399865918, 15, 7
DhtNode.FindNodeHandler, 1399865918, 15, 7
DhtNode.FindNodeHandler, 1399865918, 15, 7
DhtNode.FindNodeHandler, 1399865918, 15, 7
DhtNode.FindNodeHandler, 1399865918, 15, 7
DhtNode.FindNodeHandler, 1399865918, 15, 7
DhtNode.FindNodeHandler, 1399865918, 15, 7
DhtNode.FindNodeHandler, 1399865918, 15, 7
DhtNode.FindNodeHandler, 1399865918, 15, 7
DhtNode.FindNodeHandler, 1399865918, 15, 7
DhtNode.FindNodeHandler, 1399865918, 15, 7
DhtNode.FindNodeHandler, 1399865918, 15, 7
DhtNode.FindNodeHandler, 1399865918, 15, 7
DhtNode.FindNodeHandler, 1399865918, 15, 7
DhtNode.FindNodeHandler, 1399865918, 15, 7
DhtNode.FindNodeHandler, 1399865918, 15, 7
DhtNode.FindNodeHandler, 1399865918, 15, 7
DhtNode.FindNodeHandler, 1399865918, 15, 7
DhtNode.FindNodeHandler, 1399865918, 15, 7
DhtNode.FindNodeHandler, 1399865918, 15, 7
DhtNode.FindNodeHandler, 1399865918, 15, 7
DhtNode.FindNodeHandler, 1399865918, 15, 7
DhtNode.StoreUserHandler, 1399865918, 15, 7
DhtNode.StoreUserHandler, 1399865918, 15, 7
DhtNode.StoreUserHandler, 1399865918, 15, 7
DhtNode.StoreUserHandler, 1399865918, 15, 7
DhtNode.StoreUserHandler, 1399865918, 15, 7
DhtNode.StoreUserHandler, 1399865918, 15, 7
DhtNode.StoreUserHandler, 1399865918, 15, 7
DhtNode.StoreUserHandler, 1399865918, 15, 7
DhtNode.StoreUserHandler, 1399865918, 15, 7
DhtNode.StoreUserHandler, 1399865918, 15, 7
DhtNode.StoreUserHandler, 1399865918, 15, 7
DhtNode.StoreUserHandler, 1399865918, 15, 7
DhtNode.StoreUserHandler, 1399865918, 15, 7
DhtNode.StoreUserHandler, 1399865918, 15, 7
DhtNode.StoreUserHandler, 1399865918, 15, 7
DhtNode.FindNodeHandler, 1399865918, 15, 7
DhtNode.FindNodeHandler, 1399865918, 15, 7
DhtNode.FindNodeHandler, 1399865918, 15, 7
DhtNode.FindNodeHandler, 1399865918, 15, 7
DhtNode.FindNodeHandler, 1399865918, 15, 7
DhtNode.FindNodeHandler, 1399865918, 15, 7
DhtNode.FindNodeHandler, 1399865918, 15, 7
DhtNode.FindNodeHandler, 1399865918, 15, 7
DhtNode.FindNodeHandler, 1399865918, 15, 7
DhtNode.FindNodeHandler, 1399865918, 15, 7
DhtNode.FindNodeHandler, 1399865918, 15, 7
DhtNode.FindNodeHandler, 1399865918, 15, 7
DhtNode.FindNodeHandler, 1399865918, 15, 7
DhtNode.FindNodeHandler, 1399865918, 15, 7
DhtNode.FindNodeHandler, 1399865918, 15, 7
DhtNode.FindNodeHandler, 1399865918, 15, 7
DhtNode.FindNodeHandler, 1399865918, 15, 7
DhtNode.FindNodeHandler, 1399865918, 15, 7
DhtNode.FindNodeHandler, 1399865918, 15, 7
DhtNode.FindNodeHandler, 1399865918, 15, 7
DhtNode.FindNodeHandler, 1399865918, 15, 7
DhtNode.FindNodeHandler, 1399865918, 15, 7
DhtNode.FindNodeHandler, 1399865918, 15, 7
DhtNode.FindNodeHandler, 1399865918, 15, 7
DhtNode.FindNodeHandler, 1399865918, 15, 7
DhtNode.FindNodeHandler, 1399865918, 15, 7
DhtNode.FindNodeHandler, 1399865918, 15, 7
DhtNode.FindNodeHandler, 1399865918, 15, 7
DhtNode.FindNodeHandler, 1399865918, 15, 7
DhtNode.FindNodeHandler, 1399865918, 15, 7
DhtNode.FindNodeHandler, 1399865918, 15, 7
DhtNode.StoreUserHandler, 1399865918, 15, 7
DhtNode.StoreUserHandler, 1399865918, 15, 7
DhtNode.StoreUserHandler, 1399865918, 15, 7
DhtNode.StoreUserHandler, 1399865918, 15, 7
DhtNode.StoreUserHandler, 1399865918, 15, 7
DhtNode.StoreUserHandler, 1399865918, 15, 7
DhtNode.StoreUserHandler, 1399865918, 15, 7
DhtNode.StoreUserHandler, 1399865918, 15, 7
DhtNode.StoreUserHandler, 1399865918, 15, 7
DhtNode.StoreUserHandler, 1399865918, 15, 7
DhtNode.StoreUserHandler, 1399865918, 15, 7
DhtNode.StoreUserHandler, 1399865918, 15, 7
DhtNode.StoreUserHandler, 1399865918, 15, 7
DhtNode.StoreUserHandler, 1399865918, 15, 7
DhtNode.StoreUserHandler, 1399865918, 15, 7
DhtNode.FindNodeHandler, 1399865918, 15, 7
DhtNode.FindNodeHandler, 1399865918, 15, 7
DhtNode.FindNodeHandler, 1399865918, 15, 7
DhtNode.FindNodeHandler, 1399865918, 15, 7
DhtNode.FindNodeHandler, 1399865918, 15, 7
DhtNode.FindNodeHandler, 1399865918, 15, 7
DhtNode.FindNodeHandler, 1399865918, 15, 7
DhtNode.FindNodeHandler, 1399865918, 15, 7
DhtNode.FindNodeHandler, 1399865918, 15, 7
DhtNode.FindNodeHandler, 1399865918, 15, 7
DhtNode.FindNodeHandler, 1399865918, 15, 7
DhtNode.FindNodeHandler, 1399865918, 15, 7
DhtNode.FindNodeHandler, 1399865918, 15, 7
DhtNode.FindNodeHandler, 1399865918, 15, 7
DhtNode.FindNodeHandler, 1399865918, 15, 7
DhtNode.FindNodeHandler, 1399865918, 15, 7
DhtNode.FindNodeHandler, 1399865918, 15, 7
DhtNode.FindNodeHandler, 1399865918, 15, 7
DhtNode.FindNodeHandler, 1399865918, 15, 7
DhtNode.FindNodeHandler, 1399865918, 15, 7
DhtNode.FindNodeHandler, 1399865918, 15, 7
DhtNode.FindNodeHandler, 1399865918, 15, 7
DhtNode.FindNodeHandler, 1399865918, 15, 7
DhtNode.FindNodeHandler, 1399865918, 15, 7
DhtNode.FindNodeHandler, 1399865918, 15, 7
DhtNode.FindNodeHandler, 1399865918, 15, 7
DhtNode.FindNodeHandler, 1399865918, 15, 7
DhtNode.FindNodeHandler, 1399865918, 15, 7
DhtNode.FindNodeHandler, 1399865918, 15, 7
DhtNode.FindNodeHandler, 1399865918, 15, 7
DhtNode.FindNodeHandler, 1399865918, 15, 7
DhtNode.StoreUserHandler, 1399865918, 15, 7
DhtNode.FindNodeHandler, 1399865918, 15, 7
DhtNode.StoreUserHandler, 1399865918, 15, 7
DhtNode.StoreUserHandler, 1399865918, 15, 7
DhtNode.StoreUserHandler, 1399865918, 15, 7
DhtNode.StoreUserHandler, 1399865918, 15, 7
DhtNode.StoreUserHandler, 1399865918, 15, 7
DhtNode.StoreUserHandler, 1399865918, 15, 7
DhtNode.StoreUserHandler, 1399865918, 15, 7
DhtNode.StoreUserHandler, 1399865918, 15, 7
DhtNode.StoreUserHandler, 1399865918, 15, 7
DhtNode.StoreUserHandler, 1399865918, 15, 7
DhtNode.StoreUserHandler, 1399865918, 15, 7
DhtNode.StoreUserHandler, 1399865918, 15, 7
DhtNode.StoreUserHandler, 1399865918, 15, 7
DhtNode.StoreUserHandler, 1399865918, 15, 7
DhtNode.FindNodeHandler, 1399865918, 15, 7
DhtNode.FindNodeHandler, 1399865918, 15, 7
DhtNode.FindNodeHandler, 1399865918, 15, 7
DhtNode.FindNodeHandler, 1399865918, 15, 7
DhtNode.FindNodeHandler, 1399865918, 15, 7
DhtNode.FindNodeHandler, 1399865918, 15, 7
DhtNode.FindNodeHandler, 1399865918, 15, 7
DhtNode.FindNodeHandler, 1399865918, 15, 7
DhtNode.FindNodeHandler, 1399865918, 15, 7
DhtNode.FindNodeHandler, 1399865918, 15, 7
DhtNode.FindNodeHandler, 1399865918, 15, 7
DhtNode.FindNodeHandler, 1399865918, 15, 7
DhtNode.FindNodeHandler, 1399865918, 15, 7
DhtNode.FindNodeHandler, 1399865918, 15, 7
DhtNode.FindNodeHandler, 1399865918, 15, 7
DhtNode.FindNodeHandler, 1399865918, 15, 7
DhtNode.FindNodeHandler, 1399865918, 15, 7
DhtNode.FindNodeHandler, 1399865918, 15, 7
DhtNode.FindNodeHandler, 1399865918, 15, 7
DhtNode.FindNodeHandler, 1399865918, 15, 7
DhtNode.FindNodeHandler, 1399865918, 15, 7
DhtNode.FindNodeHandler, 1399865918, 15, 7
DhtNode.FindNodeHandler, 1399865918, 15, 7
DhtNode.FindNodeHandler, 1399865918, 15, 7
DhtNode.FindNodeHandler, 1399865918, 15, 7
DhtNode.FindNodeHandler, 1399865918, 15, 7
DhtNode.FindNodeHandler, 1399865918, 15, 7
DhtNode.StoreUserHandler, 1399865918, 15, 7
DhtNode.FindNodeHandler, 1399865918, 15, 7
DhtNode.StoreUserHandler, 1399865918, 15, 7
DhtNode.StoreUserHandler, 1399865918, 15, 7
DhtNode.StoreUserHandler, 1399865918, 15, 7
DhtNode.StoreUserHandler, 1399865918, 15, 7
DhtNode.StoreUserHandler, 1399865918, 15, 7
DhtNode.StoreUserHandler, 1399865918, 15, 7
DhtNode.StoreUserHandler, 1399865918, 15, 7
DhtNode.StoreUserHandler, 1399865918, 15, 7
DhtNode.StoreUserHandler, 1399865918, 15, 7
DhtNode.StoreUserHandler, 1399865918, 15, 7
DhtNode.StoreUserHandler, 1399865918, 15, 7
DhtNode.StoreUserHandler, 1399865918, 15, 7
DhtNode.StoreUserHandler, 1399865918, 15, 7
DhtNode.StoreUserHandler, 1399865918, 15, 7
DhtNode.FindNodeHandler, 1399865918, 15, 7
DhtNode.FindNodeHandler, 1399865918, 15, 7
DhtNode.FindNodeHandler, 1399865918, 15, 7
DhtNode.FindNodeHandler, 1399865918, 15, 7
DhtNode.FindNodeHandler, 1399865918, 15, 7
DhtNode.FindNodeHandler, 1399865918, 15, 7
DhtNode.FindNodeHandler, 1399865918, 15, 7
DhtNode.FindNodeHandler, 1399865918, 15, 7
DhtNode.FindNodeHandler, 1399865918, 15, 7
DhtNode.FindNodeHandler, 1399865918, 15, 7
DhtNode.FindNodeHandler, 1399865918, 15, 7
DhtNode.FindNodeHandler, 1399865918, 15, 7
DhtNode.FindNodeHandler, 1399865918, 15, 7
DhtNode.FindNodeHandler, 1399865918, 15, 7
DhtNode.FindNodeHandler, 1399865918, 15, 7
DhtNode.FindNodeHandler, 1399865918, 15, 7
DhtNode.FindNodeHandler, 1399865918, 15, 7
DhtNode.FindNodeHandler, 1399865918, 15, 7
DhtNode.FindNodeHandler, 1399865918, 15, 7
DhtNode.FindNodeHandler, 1399865918, 15, 7
DhtNode.FindNodeHandler, 1399865918, 15, 7
DhtNode.FindNodeHandler, 1399865918, 15, 7
DhtNode.FindNodeHandler, 1399865918, 15, 7
DhtNode.FindNodeHandler, 1399865918, 15, 7
DhtNode.FindNodeHandler, 1399865918, 15, 7
DhtNode.FindNodeHandler, 1399865918, 15, 7
DhtNode.FindNodeHandler, 1399865918, 15, 7
DhtNode.FindNodeHandler, 1399865918, 15, 7
DhtNode.StoreUserHandler, 1399865918, 15, 7
DhtNode.FindNodeHandler, 1399865918, 15, 7
DhtNode.StoreUserHandler, 1399865918, 15, 7
DhtNode.StoreUserHandler, 1399865918, 15, 7
DhtNode.StoreUserHandler, 1399865918, 15, 7
DhtNode.StoreUserHandler, 1399865918, 15, 7
DhtNode.StoreUserHandler, 1399865918, 15, 7
DhtNode.StoreUserHandler, 1399865918, 15, 7
DhtNode.StoreUserHandler, 1399865918, 15, 7
DhtNode.StoreUserHandler, 1399865918, 15, 7
DhtNode.StoreUserHandler, 1399865918, 15, 7
DhtNode.StoreUserHandler, 1399865918, 15, 7
DhtNode.StoreUserHandler, 1399865918, 15, 7
DhtNode.StoreUserHandler, 1399865918, 15, 7
DhtNode.StoreUserHandler, 1399865918, 15, 7
DhtNode.StoreUserHandler, 1399865918, 15, 7
DhtNode.FindNodeHandler, 1399865918, 15, 7
DhtNode.FindNodeHandler, 1399865918, 15, 7
DhtNode.FindNodeHandler, 1399865918, 15, 7
DhtNode.FindNodeHandler, 1399865918, 15, 7
DhtNode.FindNodeHandler, 1399865918, 15, 7
DhtNode.FindNodeHandler, 1399865918, 15, 7
DhtNode.FindNodeHandler, 1399865918, 15, 7
DhtNode.FindNodeHandler, 1399865918, 15, 7
DhtNode.FindNodeHandler, 1399865918, 15, 7
DhtNode.FindNodeHandler, 1399865918, 15, 7
DhtNode.FindNodeHandler, 1399865918, 15, 7
DhtNode.FindNodeHandler, 1399865918, 15, 7
DhtNode.FindNodeHandler, 1399865918, 15, 7
DhtNode.FindNodeHandler, 1399865918, 15, 7
DhtNode.FindNodeHandler, 1399865918, 15, 7
DhtNode.FindNodeHandler, 1399865918, 15, 7
DhtNode.FindNodeHandler, 1399865918, 15, 7
DhtNode.FindNodeHandler, 1399865918, 15, 7
DhtNode.FindNodeHandler, 1399865918, 15, 7
DhtNode.FindNodeHandler, 1399865918, 15, 7
DhtNode.FindNodeHandler, 1399865918, 15, 7
DhtNode.FindNodeHandler, 1399865918, 15, 7
DhtNode.FindNodeHandler, 1399865918, 15, 7
DhtNode.FindNodeHandler, 1399865918, 15, 7
DhtNode.FindNodeHandler, 1399865918, 15, 7
DhtNode.FindNodeHandler, 1399865918, 15, 7
DhtNode.FindNodeHandler, 1399865918, 15, 7
DhtNode.StoreUserHandler, 1399865918, 15, 7
DhtNode.FindNodeHandler, 1399865918, 15, 7
DhtNode.StoreUserHandler, 1399865918, 15, 7
DhtNode.StoreUserHandler, 1399865918, 15, 7
DhtNode.StoreUserHandler, 1399865918, 15, 7
DhtNode.StoreUserHandler, 1399865918, 15, 7
DhtNode.StoreUserHandler, 1399865918, 15, 7
DhtNode.StoreUserHandler, 1399865918, 15, 7
DhtNode.StoreUserHandler, 1399865918, 15, 7
DhtNode.StoreUserHandler, 1399865918, 15, 7
DhtNode.StoreUserHandler, 1399865918, 15, 7
DhtNode.StoreUserHandler, 1399865918, 15, 7
DhtNode.StoreUserHandler, 1399865918, 15, 7
DhtNode.StoreUserHandler, 1399865918, 15, 7
DhtNode.StoreUserHandler, 1399865918, 15, 7
DhtNode.StoreUserHandler, 1399865918, 15, 7
DhtNode.FindNodeHandler, 1399865918, 15, 7
DhtNode.FindNodeHandler, 1399865918, 15, 7
DhtNode.FindNodeHandler, 1399865918, 15, 7
DhtNode.FindNodeHandler, 1399865918, 15, 7
DhtNode.FindNodeHandler, 1399865918, 15, 7
DhtNode.FindNodeHandler, 1399865918, 15, 7
DhtNode.FindNodeHandler, 1399865918, 15, 7
DhtNode.FindNodeHandler, 1399865918, 15, 7
DhtNode.FindNodeHandler, 1399865918, 15, 7
DhtNode.FindNodeHandler, 1399865918, 15, 7
DhtNode.FindNodeHandler, 1399865918, 15, 7
DhtNode.FindNodeHandler, 1399865918, 15, 7
DhtNode.FindNodeHandler, 1399865918, 15, 7
DhtNode.FindNodeHandler, 1399865918, 15, 7
DhtNode.FindNodeHandler, 1399865918, 15, 7
DhtNode.FindNodeHandler, 1399865918, 15, 7
DhtNode.FindNodeHandler, 1399865918, 15, 7
DhtNode.FindNodeHandler, 1399865918, 15, 7
DhtNode.FindNodeHandler, 1399865918, 15, 7
DhtNode.FindNodeHandler, 1399865918, 15, 7
DhtNode.FindNodeHandler, 1399865918, 15, 7
DhtNode.FindNodeHandler, 1399865918, 15, 7
DhtNode.FindNodeHandler, 1399865918, 15, 7
DhtNode.FindNodeHandler, 1399865918, 15, 7
DhtNode.FindNodeHandler, 1399865918, 15, 7
DhtNode.FindNodeHandler, 1399865918, 15, 7
DhtNode.FindNodeHandler, 1399865918, 15, 7
DhtNode.FindNodeHandler, 1399865918, 15, 7
DhtNode.StoreUserHandler, 1399865918, 15, 7
DhtNode.FindNodeHandler, 1399865918, 15, 7
DhtNode.FindNodeHandler, 1399865918, 15, 7
DhtNode.FindNodeHandler, 1399865918, 15, 7
DhtNode.StoreUserHandler, 1399865918, 15, 7
DhtNode.StoreUserHandler, 1399865918, 15, 7
DhtNode.StoreUserHandler, 1399865918, 15, 7
DhtNode.StoreUserHandler, 1399865918, 15, 7
DhtNode.StoreUserHandler, 1399865918, 15, 7
DhtNode.StoreUserHandler, 1399865918, 15, 7
DhtNode.StoreUserHandler, 1399865918, 15, 7
DhtNode.StoreUserHandler, 1399865918, 15, 7
DhtNode.StoreUserHandler, 1399865918, 15, 7
DhtNode.StoreUserHandler, 1399865918, 15, 7
DhtNode.StoreUserHandler, 1399865918, 15, 7
DhtNode.StoreUserHandler, 1399865918, 15, 7
DhtNode.StoreUserHandler, 1399865918, 15, 7
DhtNode.StoreUserHandler, 1399865918, 15, 7
DhtNode.FindNodeHandler, 1399865918, 15, 7
DhtNode.FindNodeHandler, 1399865918, 15, 7
DhtNode.FindNodeHandler, 1399865918, 15, 7
DhtNode.FindNodeHandler, 1399865918, 15, 7
DhtNode.FindNodeHandler, 1399865918, 15, 7
DhtNode.FindNodeHandler, 1399865918, 15, 7
DhtNode.FindNodeHandler, 1399865918, 15, 7
DhtNode.FindNodeHandler, 1399865918, 15, 7
DhtNode.FindNodeHandler, 1399865918, 15, 7
DhtNode.FindNodeHandler, 1399865918, 15, 7
DhtNode.FindNodeHandler, 1399865918, 15, 7
DhtNode.FindNodeHandler, 1399865918, 15, 7
DhtNode.FindNodeHandler, 1399865918, 15, 7
DhtNode.FindNodeHandler, 1399865918, 15, 7
DhtNode.FindNodeHandler, 1399865918, 15, 7
DhtNode.FindNodeHandler, 1399865918, 15, 7
DhtNode.FindNodeHandler, 1399865918, 15, 7
DhtNode.FindNodeHandler, 1399865918, 15, 7
DhtNode.FindNodeHandler, 1399865918, 15, 7
DhtNode.FindNodeHandler, 1399865918, 15, 7
DhtNode.FindNodeHandler, 1399865918, 15, 7
DhtNode.FindNodeHandler, 1399865918, 15, 7
DhtNode.FindNodeHandler, 1399865918, 15, 7
DhtNode.FindNodeHandler, 1399865918, 15, 7
DhtNode.FindNodeHandler, 1399865918, 15, 7
DhtNode.FindNodeHandler, 1399865918, 15, 7
DhtNode.FindNodeHandler, 1399865918, 15, 7
DhtNode.FindNodeHandler, 1399865918, 15, 7
DhtNode.FindNodeHandler, 1399865918, 15, 7
DhtNode.FindNodeHandler, 1399865918, 15, 7
DhtNode.FindNodeHandler, 1399865918, 15, 7
DhtNode.StoreUserHandler, 1399865918, 15, 7
DhtNode.FindNodeHandler, 1399865918, 15, 7
DhtNode.StoreUserHandler, 1399865918, 15, 7
DhtNode.StoreUserHandler, 1399865918, 15, 7
DhtNode.StoreUserHandler, 1399865918, 15, 7
DhtNode.StoreUserHandler, 1399865918, 15, 7
DhtNode.StoreUserHandler, 1399865918, 15, 7
DhtNode.StoreUserHandler, 1399865918, 15, 7
DhtNode.StoreUserHandler, 1399865918, 15, 7
DhtNode.StoreUserHandler, 1399865918, 15, 7
DhtNode.StoreUserHandler, 1399865918, 15, 7
DhtNode.StoreUserHandler, 1399865918, 15, 7
DhtNode.StoreUserHandler, 1399865918, 15, 7
DhtNode.StoreUserHandler, 1399865918, 15, 7
DhtNode.StoreUserHandler, 1399865918, 15, 7
DhtNode.StoreUserHandler, 1399865918, 15, 7
DhtNode.FindNodeHandler, 1399865918, 15, 7
DhtNode.FindNodeHandler, 1399865918, 15, 7
DhtNode.FindNodeHandler, 1399865918, 15, 7
DhtNode.FindNodeHandler, 1399865918, 15, 7
DhtNode.FindNodeHandler, 1399865918, 15, 7
DhtNode.FindNodeHandler, 1399865918, 15, 7
DhtNode.FindNodeHandler, 1399865918, 15, 7
DhtNode.FindNodeHandler, 1399865918, 15, 7
DhtNode.FindNodeHandler, 1399865918, 15, 7
DhtNode.FindNodeHandler, 1399865918, 15, 7
DhtNode.FindNodeHandler, 1399865918, 15, 7
DhtNode.FindNodeHandler, 1399865918, 15, 7
DhtNode.FindNodeHandler, 1399865918, 15, 7
DhtNode.FindNodeHandler, 1399865918, 15, 7
DhtNode.FindNodeHandler, 1399865918, 15, 7
DhtNode.FindNodeHandler, 1399865918, 15, 7
DhtNode.FindNodeHandler, 1399865918, 15, 7
DhtNode.FindNodeHandler, 1399865918, 15, 7
DhtNode.FindNodeHandler, 1399865918, 15, 7
DhtNode.FindNodeHandler, 1399865918, 15, 7
DhtNode.FindNodeHandler, 1399865918, 15, 7
DhtNode.FindNodeHandler, 1399865918, 15, 7
DhtNode.FindNodeHandler, 1399865918, 15, 7
DhtNode.FindNodeHandler, 1399865918, 15, 7
DhtNode.FindNodeHandler, 1399865918, 15, 7
DhtNode.FindNodeHandler, 1399865918, 15, 7
DhtNode.FindNodeHandler, 1399865918, 15, 7
DhtNode.FindNodeHandler, 1399865918, 15, 7
DhtNode.StoreUserHandler, 1399865918, 15, 7
DhtNode.FindNodeHandler, 1399865918, 15, 7
DhtNode.StoreUserHandler, 1399865918, 15, 7
DhtNode.StoreUserHandler, 1399865918, 15, 7
DhtNode.StoreUserHandler, 1399865918, 15, 7
DhtNode.StoreUserHandler, 1399865918, 15, 7
DhtNode.StoreUserHandler, 1399865918, 15, 7
DhtNode.StoreUserHandler, 1399865918, 15, 7
DhtNode.StoreUserHandler, 1399865918, 15, 7
DhtNode.StoreUserHandler, 1399865918, 15, 7
DhtNode.StoreUserHandler, 1399865918, 15, 7
DhtNode.StoreUserHandler, 1399865918, 15, 7
DhtNode.StoreUserHandler, 1399865918, 15, 7
DhtNode.StoreUserHandler, 1399865918, 15, 7
DhtNode.StoreUserHandler, 1399865918, 15, 7
DhtNode.StoreUserHandler, 1399865918, 15, 7
DhtNode.FindNodeHandler, 1399865918, 15, 7
DhtNode.FindNodeHandler, 1399865918, 15, 7
DhtNode.FindNodeHandler, 1399865918, 15, 7
DhtNode.FindNodeHandler, 1399865918, 15, 7
DhtNode.FindNodeHandler, 1399865918, 15, 7
DhtNode.FindNodeHandler, 1399865918, 15, 7
DhtNode.FindNodeHandler, 1399865918, 15, 7
DhtNode.FindNodeHandler, 1399865918, 15, 7
DhtNode.FindNodeHandler, 1399865918, 15, 7
DhtNode.FindNodeHandler, 1399865918, 15, 7
DhtNode.FindNodeHandler, 1399865918, 15, 7
DhtNode.FindNodeHandler, 1399865918, 15, 7
DhtNode.FindNodeHandler, 1399865918, 15, 7
DhtNode.FindNodeHandler, 1399865918, 15, 7
DhtNode.FindNodeHandler, 1399865918, 15, 7
DhtNode.FindNodeHandler, 1399865918, 15, 7
DhtNode.FindNodeHandler, 1399865918, 15, 7
DhtNode.FindNodeHandler, 1399865918, 15, 7
DhtNode.FindNodeHandler, 1399865918, 15, 7
DhtNode.FindNodeHandler, 1399865918, 15, 7
DhtNode.FindNodeHandler, 1399865918, 15, 7
DhtNode.FindNodeHandler, 1399865918, 15, 7
DhtNode.FindNodeHandler, 1399865918, 15, 7
DhtNode.FindNodeHandler, 1399865918, 15, 7
DhtNode.FindNodeHandler, 1399865918, 15, 7
DhtNode.FindNodeHandler, 1399865918, 15, 7
DhtNode.FindNodeHandler, 1399865918, 15, 7
DhtNode.FindNodeHandler, 1399865918, 15, 7
DhtNode.StoreUserHandler, 1399865918, 15, 7
DhtNode.FindNodeHandler, 1399865918, 15, 7
DhtNode.StoreUserHandler, 1399865918, 15, 7
DhtNode.StoreUserHandler, 1399865918, 15, 7
DhtNode.StoreUserHandler, 1399865918, 15, 7
DhtNode.StoreUserHandler, 1399865918, 15, 7
DhtNode.StoreUserHandler, 1399865918, 15, 7
DhtNode.StoreUserHandler, 1399865918, 15, 7
DhtNode.StoreUserHandler, 1399865918, 15, 7
DhtNode.StoreUserHandler, 1399865918, 15, 7
DhtNode.StoreUserHandler, 1399865918, 15, 7
DhtNode.StoreUserHandler, 1399865918, 15, 7
DhtNode.StoreUserHandler, 1399865918, 15, 7
DhtNode.StoreUserHandler, 1399865918, 15, 7
DhtNode.StoreUserHandler, 1399865918, 15, 7
DhtNode.StoreUserHandler, 1399865918, 15, 7
DhtNode.FindNodeHandler, 1399865918, 15, 7
DhtNode.FindNodeHandler, 1399865918, 15, 7
DhtNode.FindNodeHandler, 1399865918, 15, 7
DhtNode.FindNodeHandler, 1399865918, 15, 7
DhtNode.FindNodeHandler, 1399865918, 15, 7
DhtNode.FindNodeHandler, 1399865918, 15, 7
DhtNode.FindNodeHandler, 1399865918, 15, 7
DhtNode.FindNodeHandler, 1399865918, 15, 7
DhtNode.FindNodeHandler, 1399865918, 15, 7
DhtNode.FindNodeHandler, 1399865918, 15, 7
DhtNode.FindNodeHandler, 1399865918, 15, 7
DhtNode.FindNodeHandler, 1399865918, 15, 7
DhtNode.FindNodeHandler, 1399865918, 15, 7
DhtNode.FindNodeHandler, 1399865918, 15, 7
DhtNode.FindNodeHandler, 1399865918, 15, 7
DhtNode.FindNodeHandler, 1399865918, 15, 7
DhtNode.FindNodeHandler, 1399865918, 15, 7
DhtNode.FindNodeHandler, 1399865918, 15, 7
DhtNode.FindNodeHandler, 1399865918, 15, 7
DhtNode.FindNodeHandler, 1399865918, 15, 7
DhtNode.FindNodeHandler, 1399865918, 15, 7
DhtNode.FindNodeHandler, 1399865918, 15, 7
DhtNode.FindNodeHandler, 1399865918, 15, 7
DhtNode.FindNodeHandler, 1399865918, 15, 7
DhtNode.FindNodeHandler, 1399865918, 15, 7
DhtNode.FindNodeHandler, 1399865918, 15, 7
DhtNode.FindNodeHandler, 1399865918, 15, 7
DhtNode.StoreUserHandler, 1399865918, 15, 7
DhtNode.FindNodeHandler, 1399865918, 15, 7
DhtNode.StoreUserHandler, 1399865918, 15, 7
DhtNode.StoreUserHandler, 1399865918, 15, 7
DhtNode.StoreUserHandler, 1399865918, 15, 7
DhtNode.StoreUserHandler, 1399865918, 15, 7
DhtNode.StoreUserHandler, 1399865918, 15, 7
DhtNode.StoreUserHandler, 1399865918, 15, 7
DhtNode.StoreUserHandler, 1399865918, 15, 7
DhtNode.StoreUserHandler, 1399865918, 15, 7
DhtNode.StoreUserHandler, 1399865918, 15, 7
DhtNode.StoreUserHandler, 1399865918, 15, 7
DhtNode.StoreUserHandler, 1399865918, 15, 7
DhtNode.StoreUserHandler, 1399865918, 15, 7
DhtNode.StoreUserHandler, 1399865918, 15, 7
DhtNode.StoreUserHandler, 1399865918, 15, 7
DhtNode.FindNodeHandler, 1399865918, 15, 7
DhtNode.FindNodeHandler, 1399865918, 15, 7
DhtNode.FindNodeHandler, 1399865918, 15, 7
DhtNode.FindNodeHandler, 1399865918, 15, 7
DhtNode.FindNodeHandler, 1399865918, 15, 7
DhtNode.FindNodeHandler, 1399865918, 15, 7
DhtNode.FindNodeHandler, 1399865918, 15, 7
DhtNode.FindNodeHandler, 1399865918, 15, 7
DhtNode.FindNodeHandler, 1399865918, 15, 7
DhtNode.FindNodeHandler, 1399865918, 15, 7
DhtNode.FindNodeHandler, 1399865918, 15, 7
DhtNode.FindNodeHandler, 1399865918, 15, 7
DhtNode.FindNodeHandler, 1399865918, 15, 7
DhtNode.FindNodeHandler, 1399865918, 15, 7
DhtNode.FindNodeHandler, 1399865918, 15, 7
DhtNode.FindNodeHandler, 1399865918, 15, 7
DhtNode.FindNodeHandler, 1399865918, 15, 7
DhtNode.FindNodeHandler, 1399865918, 15, 7
DhtNode.FindNodeHandler, 1399865918, 15, 7
DhtNode.FindNodeHandler, 1399865918, 15, 7
DhtNode.FindNodeHandler, 1399865918, 15, 7
DhtNode.FindNodeHandler, 1399865918, 15, 7
DhtNode.FindNodeHandler, 1399865918, 15, 7
DhtNode.FindNodeHandler, 1399865918, 15, 7
DhtNode.FindNodeHandler, 1399865918, 15, 7
DhtNode.FindNodeHandler, 1399865918, 15, 7
DhtNode.FindNodeHandler, 1399865918, 15, 7
DhtNode.StoreUserHandler, 1399865918, 15, 7
DhtNode.FindNodeHandler, 1399865918, 15, 7
DhtNode.StoreUserHandler, 1399865918, 15, 7
DhtNode.StoreUserHandler, 1399865918, 15, 7
DhtNode.StoreUserHandler, 1399865918, 15, 7
DhtNode.StoreUserHandler, 1399865918, 15, 7
DhtNode.StoreUserHandler, 1399865918, 15, 7
DhtNode.StoreUserHandler, 1399865918, 15, 7
DhtNode.StoreUserHandler, 1399865918, 15, 7
DhtNode.StoreUserHandler, 1399865918, 15, 7
DhtNode.StoreUserHandler, 1399865918, 15, 7
DhtNode.StoreUserHandler, 1399865918, 15, 7
DhtNode.StoreUserHandler, 1399865918, 15, 7
DhtNode.StoreUserHandler, 1399865918, 15, 7
DhtNode.StoreUserHandler, 1399865918, 15, 7
DhtNode.StoreUserHandler, 1399865918, 15, 7
DhtNode.FindNodeHandler, 1399865918, 15, 7
DhtNode.FindNodeHandler, 1399865918, 15, 7
DhtNode.FindNodeHandler, 1399865918, 15, 7
DhtNode.FindNodeHandler, 1399865918, 15, 7
DhtNode.FindNodeHandler, 1399865918, 15, 7
DhtNode.FindNodeHandler, 1399865918, 15, 7
DhtNode.FindNodeHandler, 1399865918, 15, 7
DhtNode.FindNodeHandler, 1399865918, 15, 7
DhtNode.FindNodeHandler, 1399865918, 15, 7
DhtNode.FindNodeHandler, 1399865918, 15, 7
DhtNode.FindNodeHandler, 1399865918, 15, 7
DhtNode.FindNodeHandler, 1399865918, 15, 7
DhtNode.FindNodeHandler, 1399865918, 15, 7
DhtNode.FindNodeHandler, 1399865918, 15, 7
DhtNode.FindNodeHandler, 1399865918, 15, 7
DhtNode.FindNodeHandler, 1399865918, 15, 7
DhtNode.FindNodeHandler, 1399865918, 15, 7
DhtNode.FindNodeHandler, 1399865918, 15, 7
DhtNode.FindNodeHandler, 1399865918, 15, 7
DhtNode.FindNodeHandler, 1399865918, 15, 7
DhtNode.FindNodeHandler, 1399865918, 15, 7
DhtNode.FindNodeHandler, 1399865918, 15, 7
DhtNode.FindNodeHandler, 1399865918, 15, 7
DhtNode.FindNodeHandler, 1399865918, 15, 7
DhtNode.FindNodeHandler, 1399865918, 15, 7
DhtNode.FindNodeHandler, 1399865918, 15, 7
DhtNode.FindNodeHandler, 1399865918, 15, 7
DhtNode.FindNodeHandler, 1399865918, 15, 7
DhtNode.StoreUserHandler, 1399865918, 15, 7
DhtNode.FindNodeHandler, 1399865918, 15, 7
DhtNode.StoreUserHandler, 1399865918, 15, 7
DhtNode.StoreUserHandler, 1399865918, 15, 7
DhtNode.StoreUserHandler, 1399865918, 15, 7
DhtNode.StoreUserHandler, 1399865918, 15, 7
DhtNode.StoreUserHandler, 1399865918, 15, 7
DhtNode.StoreUserHandler, 1399865918, 15, 7
DhtNode.StoreUserHandler, 1399865918, 15, 7
DhtNode.StoreUserHandler, 1399865918, 15, 7
DhtNode.StoreUserHandler, 1399865918, 15, 7
DhtNode.StoreUserHandler, 1399865918, 15, 7
DhtNode.StoreUserHandler, 1399865918, 15, 7
DhtNode.StoreUserHandler, 1399865918, 15, 7
DhtNode.StoreUserHandler, 1399865918, 15, 7
DhtNode.StoreUserHandler, 1399865918, 15, 7
DhtNode.FindNodeHandler, 1399865918, 15, 7
DhtNode.FindNodeHandler, 1399865918, 15, 7
DhtNode.FindNodeHandler, 1399865918, 15, 7
DhtNode.FindNodeHandler, 1399865918, 15, 7
DhtNode.FindNodeHandler, 1399865918, 15, 7
DhtNode.FindNodeHandler, 1399865918, 15, 7
DhtNode.FindNodeHandler, 1399865918, 15, 7
DhtNode.FindNodeHandler, 1399865918, 15, 7
DhtNode.FindNodeHandler, 1399865918, 15, 7
DhtNode.FindNodeHandler, 1399865918, 15, 7
DhtNode.FindNodeHandler, 1399865918, 15, 7
DhtNode.FindNodeHandler, 1399865918, 15, 7
DhtNode.FindNodeHandler, 1399865918, 15, 7
DhtNode.FindNodeHandler, 1399865918, 15, 7
DhtNode.FindNodeHandler, 1399865918, 15, 7
DhtNode.FindNodeHandler, 1399865918, 15, 7
DhtNode.FindNodeHandler, 1399865918, 15, 7
DhtNode.FindNodeHandler, 1399865918, 15, 7
DhtNode.FindNodeHandler, 1399865918, 15, 7
DhtNode.FindNodeHandler, 1399865918, 15, 7
DhtNode.FindNodeHandler, 1399865918, 15, 7
DhtNode.FindNodeHandler, 1399865918, 15, 7
DhtNode.FindNodeHandler, 1399865918, 15, 7
DhtNode.FindNodeHandler, 1399865918, 15, 7
DhtNode.FindNodeHandler, 1399865918, 15, 7
DhtNode.FindNodeHandler, 1399865918, 15, 7
DhtNode.FindNodeHandler, 1399865918, 15, 7
DhtNode.FindNodeHandler, 1399865918, 15, 7
DhtNode.StoreUserHandler, 1399865918, 15, 7
DhtNode.StoreUserHandler, 1399865918, 15, 7
DhtNode.StoreUserHandler, 1399865918, 15, 7
DhtNode.StoreUserHandler, 1399865918, 15, 7
DhtNode.StoreUserHandler, 1399865918, 15, 7
DhtNode.StoreUserHandler, 1399865918, 15, 7
DhtNode.StoreUserHandler, 1399865918, 15, 7
DhtNode.StoreUserHandler, 1399865918, 15, 7
DhtNode.StoreUserHandler, 1399865918, 15, 7
DhtNode.StoreUserHandler, 1399865918, 15, 7
DhtNode.StoreUserHandler, 1399865918, 15, 7
DhtNode.StoreUserHandler, 1399865918, 15, 7
DhtNode.StoreUserHandler, 1399865918, 15, 7
DhtNode.StoreUserHandler, 1399865918, 15, 7
DhtNode.StoreUserHandler, 1399865918, 15, 7
DhtNode.FindNodeHandler, 1399865918, 15, 7
DhtNode.FindNodeHandler, 1399865918, 15, 7
DhtNode.FindNodeHandler, 1399865918, 15, 7
DhtNode.FindNodeHandler, 1399865918, 15, 7
DhtNode.FindNodeHandler, 1399865918, 15, 7
DhtNode.FindNodeHandler, 1399865918, 15, 7
DhtNode.FindNodeHandler, 1399865918, 15, 7
DhtNode.FindNodeHandler, 1399865918, 15, 7
DhtNode.FindNodeHandler, 1399865918, 15, 7
DhtNode.FindNodeHandler, 1399865918, 15, 7
DhtNode.FindNodeHandler, 1399865918, 15, 7
DhtNode.FindNodeHandler, 1399865918, 15, 7
DhtNode.FindNodeHandler, 1399865918, 15, 7
DhtNode.FindNodeHandler, 1399865918, 15, 7
DhtNode.FindNodeHandler, 1399865918, 15, 7
DhtNode.FindNodeHandler, 1399865918, 15, 7
DhtNode.FindNodeHandler, 1399865918, 15, 7
DhtNode.FindNodeHandler, 1399865918, 15, 7
DhtNode.FindNodeHandler, 1399865918, 15, 7
DhtNode.FindNodeHandler, 1399865918, 15, 7
DhtNode.FindNodeHandler, 1399865918, 15, 7
DhtNode.FindNodeHandler, 1399865918, 15, 7
DhtNode.FindNodeHandler, 1399865918, 15, 7
DhtNode.FindNodeHandler, 1399865918, 15, 7
DhtNode.FindNodeHandler, 1399865918, 15, 7
DhtNode.FindNodeHandler, 1399865918, 15, 7
DhtNode.FindNodeHandler, 1399865918, 15, 7
DhtNode.FindNodeHandler, 1399865918, 15, 7
DhtNode.StoreUserHandler, 1399865918, 15, 7
DhtNode.StoreUserHandler, 1399865918, 15, 7
DhtNode.StoreUserHandler, 1399865918, 15, 7
DhtNode.StoreUserHandler, 1399865918, 15, 7
DhtNode.StoreUserHandler, 1399865918, 15, 7
DhtNode.StoreUserHandler, 1399865918, 15, 7
DhtNode.StoreUserHandler, 1399865918, 15, 7
DhtNode.StoreUserHandler, 1399865918, 15, 7
DhtNode.StoreUserHandler, 1399865918, 15, 7
DhtNode.StoreUserHandler, 1399865918, 15, 7
DhtNode.StoreUserHandler, 1399865918, 15, 7
DhtNode.StoreUserHandler, 1399865918, 15, 7
DhtNode.StoreUserHandler, 1399865918, 15, 7
DhtNode.StoreUserHandler, 1399865918, 15, 7
DhtNode.StoreUserHandler, 1399865918, 15, 7
DhtNode.FindNodeHandler, 1399865918, 15, 7
DhtNode.FindNodeHandler, 1399865918, 15, 7
DhtNode.FindNodeHandler, 1399865918, 15, 7
DhtNode.FindNodeHandler, 1399865918, 15, 7
DhtNode.FindNodeHandler, 1399865918, 15, 7
DhtNode.FindNodeHandler, 1399865918, 15, 7
DhtNode.FindNodeHandler, 1399865918, 15, 7
DhtNode.FindNodeHandler, 1399865918, 15, 7
DhtNode.FindNodeHandler, 1399865918, 15, 7
DhtNode.FindNodeHandler, 1399865918, 15, 7
DhtNode.FindNodeHandler, 1399865918, 15, 7
DhtNode.FindNodeHandler, 1399865918, 15, 7
DhtNode.FindNodeHandler, 1399865918, 15, 7
DhtNode.FindNodeHandler, 1399865918, 15, 7
DhtNode.FindNodeHandler, 1399865918, 15, 7
DhtNode.FindNodeHandler, 1399865918, 15, 7
DhtNode.FindNodeHandler, 1399865918, 15, 7
DhtNode.FindNodeHandler, 1399865918, 15, 7
DhtNode.FindNodeHandler, 1399865918, 15, 7
DhtNode.FindNodeHandler, 1399865918, 15, 7
DhtNode.FindNodeHandler, 1399865918, 15, 7
DhtNode.FindNodeHandler, 1399865918, 15, 7
DhtNode.FindNodeHandler, 1399865918, 15, 7
DhtNode.FindNodeHandler, 1399865918, 15, 7
DhtNode.FindNodeHandler, 1399865918, 15, 7
DhtNode.FindNodeHandler, 1399865918, 15, 7
DhtNode.FindNodeHandler, 1399865918, 15, 7
DhtNode.FindNodeHandler, 1399865918, 15, 7
DhtNode.StoreUserHandler, 1399865918, 15, 7
DhtNode.FindNodeHandler, 1399865918, 15, 7
DhtNode.StoreUserHandler, 1399865918, 15, 7
DhtNode.StoreUserHandler, 1399865918, 15, 7
DhtNode.StoreUserHandler, 1399865918, 15, 7
DhtNode.StoreUserHandler, 1399865918, 15, 7
DhtNode.StoreUserHandler, 1399865918, 15, 7
DhtNode.StoreUserHandler, 1399865918, 15, 7
DhtNode.StoreUserHandler, 1399865918, 15, 7
DhtNode.StoreUserHandler, 1399865918, 15, 7
DhtNode.StoreUserHandler, 1399865918, 15, 7
DhtNode.StoreUserHandler, 1399865918, 15, 7
DhtNode.StoreUserHandler, 1399865918, 15, 7
DhtNode.StoreUserHandler, 1399865918, 15, 7
DhtNode.StoreUserHandler, 1399865918, 15, 7
DhtNode.StoreUserHandler, 1399865918, 15, 7
DhtNode.FindNodeHandler, 1399865918, 15, 7
DhtNode.FindNodeHandler, 1399865918, 15, 7
DhtNode.FindNodeHandler, 1399865918, 15, 7
DhtNode.FindNodeHandler, 1399865918, 15, 7
DhtNode.FindNodeHandler, 1399865918, 15, 7
DhtNode.FindNodeHandler, 1399865918, 15, 7
DhtNode.FindNodeHandler, 1399865918, 15, 7
DhtNode.FindNodeHandler, 1399865918, 15, 7
DhtNode.FindNodeHandler, 1399865918, 15, 7
DhtNode.FindNodeHandler, 1399865918, 15, 7
DhtNode.FindNodeHandler, 1399865918, 15, 7
DhtNode.FindNodeHandler, 1399865918, 15, 7
DhtNode.FindNodeHandler, 1399865918, 15, 7
DhtNode.FindNodeHandler, 1399865918, 15, 7
DhtNode.FindNodeHandler, 1399865918, 15, 7
DhtNode.FindNodeHandler, 1399865918, 15, 7
DhtNode.FindNodeHandler, 1399865918, 15, 7
DhtNode.FindNodeHandler, 1399865918, 15, 7
DhtNode.FindNodeHandler, 1399865918, 15, 7
DhtNode.FindNodeHandler, 1399865918, 15, 7
DhtNode.FindNodeHandler, 1399865918, 15, 7
DhtNode.FindNodeHandler, 1399865918, 15, 7
DhtNode.FindNodeHandler, 1399865918, 15, 7
DhtNode.FindNodeHandler, 1399865918, 15, 7
DhtNode.FindNodeHandler, 1399865918, 15, 7
DhtNode.FindNodeHandler, 1399865918, 15, 7
DhtNode.FindNodeHandler, 1399865918, 15, 7
DhtNode.FindNodeHandler, 1399865918, 15, 7
DhtNode.StoreUserHandler, 1399865918, 15, 7
DhtNode.FindNodeHandler, 1399865918, 15, 7
DhtNode.StoreUserHandler, 1399865918, 15, 7
DhtNode.StoreUserHandler, 1399865918, 15, 7
DhtNode.StoreUserHandler, 1399865918, 15, 7
DhtNode.StoreUserHandler, 1399865918, 15, 7
DhtNode.StoreUserHandler, 1399865918, 15, 7
DhtNode.StoreUserHandler, 1399865918, 15, 7
DhtNode.StoreUserHandler, 1399865918, 15, 7
DhtNode.StoreUserHandler, 1399865918, 15, 7
DhtNode.StoreUserHandler, 1399865918, 15, 7
DhtNode.StoreUserHandler, 1399865918, 15, 7
DhtNode.StoreUserHandler, 1399865918, 15, 7
DhtNode.StoreUserHandler, 1399865918, 15, 7
DhtNode.StoreUserHandler, 1399865918, 15, 7
DhtNode.StoreUserHandler, 1399865918, 15, 7
DhtNode.FindNodeHandler, 1399865918, 15, 7
DhtNode.FindNodeHandler, 1399865918, 15, 7
DhtNode.FindNodeHandler, 1399865918, 15, 7
DhtNode.FindNodeHandler, 1399865918, 15, 7
DhtNode.FindNodeHandler, 1399865918, 15, 7
DhtNode.FindNodeHandler, 1399865918, 15, 7
DhtNode.FindNodeHandler, 1399865918, 15, 7
DhtNode.FindNodeHandler, 1399865918, 15, 7
DhtNode.FindNodeHandler, 1399865918, 15, 7
DhtNode.FindNodeHandler, 1399865918, 15, 7
DhtNode.FindNodeHandler, 1399865918, 15, 7
DhtNode.FindNodeHandler, 1399865918, 15, 7
DhtNode.FindNodeHandler, 1399865918, 15, 7
DhtNode.FindNodeHandler, 1399865918, 15, 7
DhtNode.FindNodeHandler, 1399865918, 15, 7
DhtNode.FindNodeHandler, 1399865918, 15, 7
DhtNode.FindNodeHandler, 1399865918, 15, 7
DhtNode.FindNodeHandler, 1399865918, 15, 7
DhtNode.FindNodeHandler, 1399865918, 15, 7
DhtNode.FindNodeHandler, 1399865918, 15, 7
DhtNode.FindNodeHandler, 1399865918, 15, 7
DhtNode.FindNodeHandler, 1399865918, 15, 7
DhtNode.FindNodeHandler, 1399865918, 15, 7
DhtNode.FindNodeHandler, 1399865918, 15, 7
DhtNode.FindNodeHandler, 1399865918, 15, 7
DhtNode.FindNodeHandler, 1399865918, 15, 7
DhtNode.FindNodeHandler, 1399865918, 15, 7
DhtNode.FindNodeHandler, 1399865918, 15, 7
DhtNode.FindNodeHandler, 1399865918, 15, 7
DhtNode.StoreUserHandler, 1399865918, 15, 7
DhtNode.FindNodeHandler, 1399865918, 15, 7
DhtNode.StoreUserHandler, 1399865918, 15, 7
DhtNode.StoreUserHandler, 1399865918, 15, 7
DhtNode.StoreUserHandler, 1399865918, 15, 7
DhtNode.StoreUserHandler, 1399865918, 15, 7
DhtNode.StoreUserHandler, 1399865918, 15, 7
DhtNode.StoreUserHandler, 1399865918, 15, 7
DhtNode.StoreUserHandler, 1399865918, 15, 7
DhtNode.StoreUserHandler, 1399865918, 15, 7
DhtNode.StoreUserHandler, 1399865918, 15, 7
DhtNode.StoreUserHandler, 1399865918, 15, 7
DhtNode.StoreUserHandler, 1399865918, 15, 7
DhtNode.StoreUserHandler, 1399865918, 15, 7
DhtNode.StoreUserHandler, 1399865918, 15, 7
DhtNode.StoreUserHandler, 1399865918, 15, 7
DhtNode.FindUserHandler, 1399865919, 15, 7
DhtNode.FindUserHandler, 1399865919, 15, 7
DhtNode.FindUserHandler, 1399865919, 15, 7
DhtNode.FindUserHandler, 1399865919, 15, 7
DhtNode.FindUserHandler, 1399865919, 15, 7
DhtNode.FindUserHandler, 1399865919, 15, 7
DhtNode.FindUserHandler, 1399865919, 15, 7
DhtNode.StoreUserHandler, 1399865919, 15, 7
DhtNode.FindUserHandler, 1399865919, 15, 7
DhtNode.FindUserHandler, 1399865919, 15, 7
DhtNode.FindUserHandler, 1399865919, 15, 7
DhtNode.FindUserHandler, 1399865919, 15, 7
DhtNode.FindUserHandler, 1399865919, 15, 7
DhtNode.FindUserHandler, 1399865919, 15, 7
DhtNode.FindUserHandler, 1399865919, 15, 7
DhtNode.StoreUserHandler, 1399865919, 15, 7
DhtNode.FindUserHandler, 1399865919, 15, 7
DhtNode.FindUserHandler, 1399865919, 15, 7
DhtNode.FindUserHandler, 1399865919, 15, 7
DhtNode.FindUserHandler, 1399865919, 15, 7
DhtNode.FindUserHandler, 1399865919, 15, 7
DhtNode.FindUserHandler, 1399865919, 15, 7
DhtNode.FindUserHandler, 1399865919, 15, 7
DhtNode.StoreUserHandler, 1399865919, 15, 7
DhtNode.FindUserHandler, 1399865919, 15, 7
DhtNode.FindUserHandler, 1399865919, 15, 7
DhtNode.FindUserHandler, 1399865919, 15, 7
DhtNode.FindUserHandler, 1399865919, 15, 7
DhtNode.FindUserHandler, 1399865919, 15, 7
DhtNode.FindUserHandler, 1399865919, 15, 7
DhtNode.FindUserHandler, 1399865919, 15, 7
DhtNode.StoreUserHandler, 1399865919, 15, 7
DhtNode.FindUserHandler, 1399865919, 15, 7
DhtNode.FindUserHandler, 1399865919, 15, 7
DhtNode.FindUserHandler, 1399865919, 15, 7
DhtNode.FindUserHandler, 1399865919, 15, 7
DhtNode.FindUserHandler, 1399865919, 15, 7
DhtNode.FindUserHandler, 1399865919, 15, 7
DhtNode.FindUserHandler, 1399865919, 15, 7
DhtNode.StoreUserHandler, 1399865919, 15, 7
DhtNode.FindUserHandler, 1399865919, 15, 7
DhtNode.FindUserHandler, 1399865919, 15, 7
DhtNode.FindUserHandler, 1399865919, 15, 7
DhtNode.FindUserHandler, 1399865919, 15, 7
DhtNode.FindUserHandler, 1399865919, 15, 7
DhtNode.FindUserHandler, 1399865919, 15, 7
DhtNode.FindUserHandler, 1399865919, 15, 7
DhtNode.StoreUserHandler, 1399865919, 15, 7
DhtNode.FindUserHandler, 1399865919, 15, 7
DhtNode.FindUserHandler, 1399865919, 15, 7
DhtNode.FindUserHandler, 1399865919, 15, 7
DhtNode.FindUserHandler, 1399865919, 15, 7
DhtNode.FindUserHandler, 1399865919, 15, 7
DhtNode.FindUserHandler, 1399865919, 15, 7
DhtNode.FindUserHandler, 1399865919, 15, 7
DhtNode.StoreUserHandler, 1399865919, 15, 7
DhtNode.FindUserHandler, 1399865919, 15, 7
DhtNode.FindUserHandler, 1399865919, 15, 7
DhtNode.FindUserHandler, 1399865919, 15, 7
DhtNode.FindUserHandler, 1399865919, 15, 7
DhtNode.FindUserHandler, 1399865919, 15, 7
DhtNode.FindUserHandler, 1399865919, 15, 7
DhtNode.FindUserHandler, 1399865919, 15, 7
DhtNode.StoreUserHandler, 1399865919, 15, 7
DhtNode.FindUserHandler, 1399865919, 15, 7
DhtNode.FindUserHandler, 1399865919, 15, 7
DhtNode.FindUserHandler, 1399865919, 15, 7
DhtNode.FindUserHandler, 1399865919, 15, 7
DhtNode.FindUserHandler, 1399865919, 15, 7
DhtNode.FindUserHandler, 1399865919, 15, 7
DhtNode.FindUserHandler, 1399865919, 15, 7
DhtNode.StoreUserHandler, 1399865919, 15, 7
